{
  "session_id": "60ae5504-1873-4576-8944-c862072487d8",
  "agent_id": "Composer",
  "operation_id": "00f3574a-a745-418d-912a-604f1483953c",
  "timestamp": "2025-12-03 16:40:05.979974",
  "prompt_tokens": 210,
  "context_tokens": 140,
  "user_input_tokens": 70,
  "completion_tokens": 175,
  "cached_tokens": 30,
  "output_quality_score": 92.58422745328633,
  "context_utilization_score": 85.07529615969986,
  "cost_usd": 0.0037949999999999998,
  "model_name": "claude-sonnet-4-5",
  "operation_type": "syntax_drill",
  "language": "python",
  "total_input_tokens": 390,
  "total_output_tokens": 175,
  "total_tokens": 565,
  "efficiency_score": 16.38658892978519,
  "cache_hit_rate": 7.142857142857142,
  "context_efficiency": 78.76630570305349
}